Set,*C. auris* Locus ID,*C. auris* Annotation,Orthologue Detail,Category,Short name,Suffix
Down at 24h only,B9J08_001448,"*ERG11* - mutations partially explain azole resistance in *C. auris* [@RybakMicrobiol.Spectr.2021], sterol 14 alpha-demethylase, cytochrome P450 CYP51, haem/metal/iron ion binding and monooxygenase/oxidoreductase",*ERG11* **Ergosterol biosynthesis** [@KarstMol.Gen.Genet.1977],Metabolism,ERG11,1448
Down at 24h only,B9J08_001638,-,Broad uncharacterised matches across *Saccharomycotina*,Uncharacterised,HP,1638
Down at 24h only,B9J08_001932,-,*ASR1* **Alcohol Sensitive Ring/PHD finger**ubiquitin ligase interacting with RNA polymerase II and cytoskeleton and upregulated in *C. albicans* osmotic stress [@JacobsenSci.Rep.2018],Cell cycle,ASR1,1932
Down at 24h only,B9J08_002298,"Catalase-related immune-responsive, metal ion/haem binding, hydrogen peroxide/reactive oxygen species response, peroxisome/peroxidase/oxidoreductase, mitochondrion/cytoplasm. Induced in response to macrophages [@MiramonInfect.Immun.2023], weakly induced with hydrogen peroxide [@KimmBio2021] and not induced in a whole blood model [@AllertVirulence2022].","*CAT1* **CATalase** protective against oxidative stress e.g. neutrophils [@WysongInfect.Immun.1998], downregulated in high iron in *C. albicans* [@LanMol.Microbiol.2004]",Metabolism,CAT1,2298
Down at 24h only,B9J08_002366,"Cytochrome c peroxidase/oxidoreductase, metal ion/haem binding, mitochondrion intermembrane space",*CCP1* **Cytochrome-C Peroxidase**,Metabolism,CCP1,2366
Down at 24h only,B9J08_004435,-,"*GIS3* **GIg1-2 Suppressor**, role in intracellular signalling [@BalciunasMol.Gen.Genet.1999]",Uncharacterised,GIS1,4435
Down at 24h only,B9J08_005546,4-transmembrane domain,No blastp matches outside *C. auris*,Uncharacterised,HP,5546
Down at 24h only,B9J08_005567,"Protein tyrosine and serine/threonine kinase/transferase, G1/S transition of mitotic cell cycle, intracellular signal transduction, nucleus/cytoplasm, nucleotide/ATP binding, regulation of protein localisation","*SKS1* **Suppressor Kinase of Snf3** (glucose uptake regulator, **Sucrose NonFermenting**) [@YangYeast1996@CarlsonGenetics1981;@YangYeast1996], up-regulated in response to echinocandins in *C. albicans* [@CoppingJ.Antimicrob.Chemother.2005]",Cell cycle,SKS1,5567
Down at 24h only,B9J08_005570,"12-transmembrane domain MFS and ACS/DAL5 transporter family. Highly up-regulated in non-carbon sources, one of 11 genes with sequence similarity to *TNA1* [@BrandtMicrobiol.Spectr.2023]","*TNA1* **Transporter of Nitocinic Acid** [@LlorenteFEBSLett.2000] related to the dynamic *DAL5* (Degradation of Allantoin) family [@ChisholmJ.Bacteriol.1987;@HellborgBMCGenomics2008], also in in *C. albicans* [@GaurBMCGenomics2008]",Transmembrane transport,TNA1,5570
Down at 48h only,B9J08_000211,1-transmembrane domain,Limited uncharacterised matches across *Saccharomycotina*,Uncharacterised,HP,0211
Down at 48h only,B9J08_001344,"Adenine/guanine nucleoside biosynthesis/phosphotranspherase, mitochondrion",*ADK2* Adenylate kinase [@CooperProc.Natl.Acad.Sci.2000],Metabolism,AKD2,1344
Down at 48h only,B9J08_003830,"Proton-dependent oligopeptide transporter (POT) family, di-/tri-peptide/protein import, MFS, plasma membrane, vacuole. Reduction in peptide uptake in deletion [@KhatoonAppl.Microbiol.Biotechnol.2022], though not upregulated in response to dipeptides in one study [@BrandtMicrobiol.Spectr.2023].","*PTR22* **Peptide Transporter** [@IslandCurr.Genet.1991], up-regulated in *C. albicans* in reponse to phagocytosis [@LorenzEukaryot.Cell2004].",Transmembrane transport,PTR22,3830
Down at 48h only,B9J08_004615,3-transmembrane domain,No blastp matches outside *C. auris*,Uncharacterised,HP,4615
Down at both 24h and 48h,B9J08_000382,"Aminio acid synthesis (5-methyltetrahydropteroyltriglutamate-homocysteine S-methyltransferase), Zinc binding","*MET6* cobalamin-independent **Methionine Synthase** from homocysteine, an essential gene in *C. albicans*, which contains two copies [@SulimanArch.Biochem.Biophys.2007]",Metabolism,MET6,0382
Down at both 24h and 48h,B9J08_000644,-,Broad uncharacterised matches across *Saccharomycotina*,Uncharacterised,HP,0644
Down at both 24h and 48h,B9J08_001482,GPI-anchored,No blastp matches outside *C. auris*,Cell wall,HP,1482
Down at both 24h and 48h,B9J08_001538,"NAD(P)H-binding cytosolic Leloir pathway UDP-glucose/galactose catabolism/transferase/epimerase [@HarrisonTrendsGenet.2022], NmrA **Nitrogen Metabolism Repression** -like family [@ZhaoProteinSci.2010]",Broad uncharacterised matches across *Saccharomycotina*,Metabolism,HP,1538
Down at both 24h and 48h,B9J08_001749,"Thiamine phosphate phosphatase/transport, haloacid dehalogenase (HAD)-like hydrolase [@KuznetsovaJ.Biol.Chem.2015], Pyrimidine 5'-nucleotidase/uridine monophosphate hydrolase-1 (UMPH-1)",*CTO1* **Cold Tolerance** (*S. cerevisiae*) enabling uptake of inorganic phosphate at cold temperatures [@VicentFEMSYeastRes.2015],Metabolism,CTO1,1749
Down at both 24h and 48h,B9J08_005534,-,Broad uncharacterised matches across *Saccharomycotina*,Uncharacterised,HP,5534
Down at both 24h and 48h,B9J08_005568,12-transmembrane domain MFS carbohydrate:proton symporter activity,"*HGT2* sugar transporter, as above, part of a *C .albicans* eight-gene ""core filamentation response network"" [@MartinPLOSONE2013].",Transmembrane transport,GHT2,5568
Down at both 24h and 48h,B9J08_005569,"Acetylesterase/triglyceride transferase/lipase/hydrolase, medium-chain fatty acid catabolism/biosynthesis, carboxylic ester hydrolase activity, serine aminopeptidase S33, alpha/beta hydrolase fold",*MGL2* **MonoacylGlycerol Lipase** in *S. cerevisiae* [@SelvarajuFEBSLett.2016],Transmembrane transport,MGL2,5569
Down at both 24h and 48h,B9J08_005573,-,Limited uncharacterised matches across *Saccharomycotina*,Uncharacterised,HP,5573
Up at 24h only,B9J08_000372,"Ubiquitin ligase, ubiquitin-protein transferase activator, meiosis-specific APC/C activator protein AMA1, anaphase-promoting complex subunit 4 WD40 domain/G-beta repeat, meiosis 1, meiotic cell cycle and chromosome segrgation and DNA integrity checkpoint signalling, anaphase-promoting complex binding, cell division, ascospore wall assembly and prospore membrane formation, protein catabolism regulation, synaptonemal complex assembly","*AMA1* **Activator of Meiotic APC/C** (anaphase promoting complex/cyclosome) in *S. cerevisiae* [@CooperProc.Natl.Acad.Sci.2000], putative evidence of meiotic cell cycle across yeast [@ZachariaeGenesDev.1999;@TzungProc.Natl.Acad.Sci.2001]",Cell cycle,AMA1,0372
Up at 24h only,B9J08_000652,3-transmembrane domain,No blastp matches outside *C. auris*,Uncharacterised,HP,0652
Up at 24h only,B9J08_000834,Up-regulated in *ex vivo* infection [@AllertVirulence2022],orf19.7085 in *C. albicans* up-regulated in core stress response [@EnjalbertMol.Microbiol.2009;@WangFreeRadic.Biol.Med.2006],Uncharacterised,HP,0834
Up at 24h only,B9J08_001016,12-transmembrane domain MFS carbohydrate:proton symporter,"*HGT13* **High-affinity Glucose Transporters** (HGT), within a family of 20 *HGT*s in *C. albicans* major facilitator superfamily (MFS) transporters  [@VarmaFEMSMicrobiol.Lett.2000;@LuoFEMSImmunol.Med.Microbiol.2007], that bear sequence similarity to human glucose transporter [@FanJ.Mol.Evol.2002], or *STL1* **Sugar Transporter Like** with evidence of enabling glycerol uptake[@FerreiraMol.Biol.Cell2005] invovled in alternative carbon source adaptation [@CottierG32017] and alkalinisation/hyphal response [@VylkovamBio2011]",Transmembrane transport,HGT13,1016
Up at 24h only,B9J08_001287,-,Limited uncharacterised matches across *Saccharomycotina*,Uncharacterised,HP,1287
Up at 24h only,B9J08_001351,"Mitochondrial respirasome/cytochrome c oxidase assembly at inner membrane, Hypoxia induced protein conserved region (HIG-1)",*RCF2* **Respiratory superComplex Factor** in *S. cerevisiae* [@StrogolovaMol.Cell.Biol.2012] enabling aerobic respiration [@StrogolovaJ.Biol.Chem.2019],Metabolism,RCF2,1351
Up at 24h only,B9J08_001487,"14-transmembrane domain siderophore-iron:H+ symporter/importer (MFS), cytoplasm, vacuole, vesicle, endosome, peripheral membrane",*SIT1* Ferrioxamine B type **Siderophore Transport** [@LesuisseMicrobiology1998;@LesuisseYeast2002],Transmembrane transport,SIT1,1487
Up at 24h only,B9J08_001520,"GPI-anchored, SignalP",Limited uncharacterised matches across *Saccharomycotina*,Uncharacterised,HP,1520
Up at 24h only,B9J08_001930,"Alternative oxidase, mitochondrion","*AOX2* **Alternative Oxidase**, a conserved mitochondrial system critical in oxidative stress [@RogovBiochemistry2015;@LiACSOmega2024] and target for impacting fungal virulence [@EdrichBiochim.Biophys.ActaBBA-Bioenerg.2024] including upregulation in phagocytosed *C. albicans* [@MunozNat.Commun.2019]; deletion impairs virulence and increases immune recognition [@LiuNat.Commun.2023]",Metabolism,AOX2,1930
Up at 24h only,B9J08_001951,"SignalP, CFEM domain, Upregulated in *ex vivo* blood infection [@AllertVirulence2022]","*CSA1*  ***Candida* Surface Antigen** localised to bud growth and hyphal elongation [@LamarreMol.Microbiol.2000], or *WAP1* **Wall Protein** similar to *RBT5* **Repressed by TUP-1** [@BraunGenetics2000] CFEM-containing proteins [@WeissmanMol.Microbiol.2004] expressed in iron starvation [@ChenCellHostMicrobe2011] and binding haem [@SorgoMicrobiology2013] including in *C. parapsilosis* [@DingPLOSONE2011] and even in *B. bassiana* [@PengEnviron.Microbiol.2022]",Cell wall,CSA1,1951
Up at 24h only,B9J08_002069,"5-transmembrane domain, fungal pheromone mating (-type alpha) factor (STE2), G-protein-coupled binding/receptor and signal transduction, cell projection assembly, conjugation with cellular fusion plasma membrane, cytogamy","*STE2* **STErile** [@MackayGenetics1974] pheremone receptor across *Saccharomycotina* [@TzungProc.Natl.Acad.Sci.2001], not thought to be required for filamentous growth in yeasst [@CullenGenetics2012]",Cell cycle,STE2,2069
Up at 24h only,B9J08_002095,"tRNA (S-adenosylmethionine-dependent) methyltransferase (4-demethylwyosine alpha-amino-alpha-carboxypropyltransferase), wybutosine-synthesizing protein 2 (TYW2), Met-10+ like-protein, nucleus/cytosol",*TRM12* **TRna Methyltransferase** [@SwinehartRNABiol.2015],Transcription/translation,TRM12,2095
Up at 24h only,B9J08_002283,"RNA exonuclease/hydrolase (REX/RNH), generation of mature 3'-end of 5S/(5.8S from tricistronic) rRNA generated by RNA polymerase III, tRNA processing, ribosome biogenesis",*RNH70* **RNase H** with conserved regions across eukaryotes [@FrankFEBSLett.1999],Transcription/translation,RNH70,2283
Up at 24h only,B9J08_002319,-,No blastp matches outside *C. auris*,Uncharacterised,HP,2319
Up at 24h only,B9J08_002370,"Mediator of RNA polymerase II transcription subunit 7, transcription co-regulator/activator","*MED7* **MEDiator complex** of RNA polymerase II, subunit [@MyersGenesDev.1998] non-essential for *C. albicans* growth but more important in filamentation [@TebbjiPLOSGenet.2014].",Transcription/translation,MED7,2370
Up at 24h only,B9J08_002688,"Formate dehydrogenase, oxidoreductase, D-isomer specific 2-hydroxyacid dehydrogenase, NAD binding and catalytic domains, cytosol",*FDH1* **Formate DeHydrogenase** [@YurimotoBiochim.Biophys.Acta2000] induced in phagocytosis in *C. albicans* [@PrigneauYeast2003],Metabolism,FDH1,2688
Up at 24h only,B9J08_003266,"Sorbose/enoyl-(acyl carrier protein) reductase, short chain dehydrogenase, fatty acid synthesis, ketoacyl reductase domain, secondary metabolite and organic cyclic compound synthesis, oxidoreductase",*SOU1* required for L- **SOrbose Utilisation** in *C. albicans* [@JanbonProc.Natl.Acad.Sci.1998;@KravetsFEMSYeastRes.2014],Metabolism,SOU1,3266
Up at 24h only,B9J08_003372,"Critical transcription factor mediating fluconazole resistance in *C. auris* via upregulation of *SNQ21*, *SNQ22*, *MDR1*, and *CDR1* [@ChowmBio2023]; regulation of transcription by RNA polymerase II.",*RPN4* **Regulatory Particle Non-ATPase** [@FinleyTrendsBiochem.Sci.1998],Transcription/translation,RPN4,3372
Up at 24h only,B9J08_003751,-,No blastp matches outside *C. auris*,Uncharacterised,HP,3751
Up at 24h only,B9J08_004098,"GPI-anchored, signalP, Hyphally regulated cell wall protein N-terminal (Hyr1). Prominent up-regulation in response to macrophages [@MiramonInfect.Immun.2023]",*RBR3* **Repressed By Rim101** [@LotzEukaryot.Cell2004] *C. albicans* *RBR3* [@BoisrameEukaryot.Cell2011] or *IFF1* **Individual protein File family F** [@RichardEukaryot.Cell2007],Cell wall,RBR3,4098
Up at 24h only,B9J08_004114,"Epimerase: NAD dependent epimerase/dehydratase family, KR domain, short chain dehydrogenase, 3-oxoacyl-/Enoyl-(Acyl carrier protein) reductase, oxidoreductase (fabG, OAR1), secondary metabolite/fatty acid/organic cycli compound synthesis, quinone binding",*SPS19* **SPorulation Specific** in *S. cerevisiae* [@Percival-SmithMol.Cell.Biol.1986;@CoeMol.Gen.Genet.1994],Metabolism,SPS19,4114
Up at 24h only,B9J08_004161,"Cytochrome P450, metal ion/iron/haem binding, oxidoreductase/monoxytenase, reduced flavin/flavoprotein donor","*ERG5* **Ergosterol biosynthesis** [@KarstMol.Gen.Genet.1977;@SkaggsGene1996], C22 Desaturase where mutations can confer azole/amphotericin B resistance [@MartelAntimicrob.AgentsChemother.2010]",Metabolism,ERG5,4161
Up at 24h only,B9J08_004452,"Candidate azole-related drug resistance gene identified by HMM [@SantanadeCarvalhoACSOmega2024]. 12-transmembrane domain, pleiotropic drug resistance (PDR/CDR) ABC-2 type (subfamily G, white, member 2) xenobiotic (detoxification) ATP-coupled transmembrane transporter, RsgA GTPase, P-loop containing region of AAA domain, nucleotide binding, intracellular monoatomic cation homeostasis, mitochondrion and peripheral membrane","*SNQ2* **Sensitivity to 4-NitroQuinoline-N-oxide** [@ServosMol.Gen.Genet.1993], expressed in bud rather than germ tube in enforced hyphation in *C. albicans* [@AlvarezMol.Biol.Cell2007]",Transmembrane transport,SNQ2,4452
Up at 24h only,B9J08_004559,"""Protein of unknown function"" PFAM (DUF1687)",Broad uncharacterised matches across *Saccharomycotina*,Uncharacterised,HP,4559
Up at 24h only,B9J08_004586,"Cysteine-type K48-linked deubiquitinase, MINDY-1/2 ubiquitin carboxyl-terminal carboxypeptidase/hydrolase",*MIY2* **MINDY (motif interacting with Ub-containing novel deubiquitinase (DUB) family) in yeast ** [@AbdulRehmanMol.Cell2016],Metabolism,MIY2,4586
Up at 24h only,B9J08_004897,-,Limited uncharacterised matches across *Saccharomycotina*,Uncharacterised,HP,4897
Up at 48h only,B9J08_000389,"Serine aminopeptidase (S33), alpha/beta hydrolase, prolyl oligopeptidase",Broad uncharacterised matches across *Saccharomycotina*,Metabolism,HP,0389
Up at 48h only,B9J08_000591,"11-transmembrane domain, calcium-activated/moniatomic (stress-gated) cation channel activity, putative phosphate transport, endoplasmic reticulum, vacuole, late exocytosis/golgi",*CSC1* **Calcium permeable Stress-gated cation Channel** in *S. cerevisiae* [@HouCellRes.2014],Transmembrane transport,CSC1,0591
Up at 48h only,B9J08_001614,"SignalP, hydrolase/metal iron binding, SurE survival protein, 5'/3'-nucleotidase",*PHO100* **Phostphatase** involved in virulence in *C. albicans* [@KohlerJ.Fungi2020] as a conserved phosphate scavenging component in starvation [@AhmedmBio2022],Secreted hydrolase,PHO100,1614
Up at 48h only,B9J08_002053,"Protein tyrosine and serine/threonine kinase, ABC1 atypical kinase-like domain, golgi/cytoplasm, axis elongation, nucleotide binding, (heart development)",*SPS1* **SPorulation Specific** in *S. cerevisiae* [@Percival-SmithMol.Cell.Biol.1986],Cell cycle,SPS1,2053
Up at 48h only,B9J08_004183,12-transmembrane domain MFS sugar/other transmembrane transporter,Broad uncharacterised matches across *Saccharomycotina*,Transmembrane transport,HP,4183
Up at 48h only,B9J08_004842,-,"*RTS3* **Rox Three Suppressor** in *S. cerevisiae*, putative protein phosphatase 2A complex  [@Evangelista-Jr.Genetics1996;@SamantaProc.Natl.Acad.Sci.2003]",Uncharacterised,RTS3,4842
Up at 48h only,B9J08_005548,"Cytochrome P450 oxidoreductase/monooxygenease, haem/iron ion/metal binding, flavin/flavoprotein donor","*ERG5* **Ergosterol biosynthesis** [@KarstMol.Gen.Genet.1977;@SkaggsGene1996], C22 Desaturase where mutations can confer azole/amphotericin B resistance [@MartelAntimicrob.AgentsChemother.2010]",Metabolism,ERG5,5548
Up at 48h only,B9J08_005554,"7-transmembrane domain, RTA1 like protein, downregulated in Amphotericin B-resistant *C. auris* isoaltes [@ShivarathriAntimicrob.AgentsChemother.2022]",*RTA2* **Resistance To Aminocholesterol** part of calcineurin pathway involved in azole resistance [@JiaBiochem.Biophys.Res.Commun.2008] and tunicamycin stress response in *C. albicans* [@ThomasFEMSYeastRes.2015] ,Metabolism,RTA2,5554
Up at both 24h and 48h,B9J08_000117,"GPI-anchored, SignalP, up-regulated in filamentous clade I isolate on HSP90 inhibition [@KimmBio2019] ","*PGA31* **Predicted GPI-Anchored**  [@DeGrootYeast2003] cell wall antigen in hypha-forming *C. albicans*, deletion results in caspofungin sensitivity [@PlaineFungalGenet.Biol.2008], monoclonal antibody development has been explored [@PalliyilAntimicrob.AgentsChemother.2022]",Cell wall,PGA31,0117
Up at both 24h and 48h,B9J08_000249,-,"Blastp matches only in *C. haemulonii*, *C. duobushaemulonii*, *C. pseudohaemulonii*",Uncharacterised,HP,0249
Up at both 24h and 48h,B9J08_000359,"Hypothetical Protein, 4 transmembrane domains, GO terms for late endosome to vacuole transport via multivesicular body sorting pathway and Vps55/Vps68 complex",*VPS55* **Vacuolar Protein Sorting**  [@RaymondMol.Biol.Cell1992] broadly conserved across eukaryotes [@Belgareh-TouzeMol.Biol.Cell2002] and necessary for a range of functions involving endosomal trafficking [@SchluterMol.Biol.Cell2008].,Endosomal trafficking,VPS55,0359
Up at both 24h and 48h,B9J08_000675,"GPI-anchored, SignalP, up-regulated in echinocandin resistant clade I isolates [@JenullmBio2022], under selection [@MunozGenetics2021], contains ATP:guanido phosphotransferase N-terminal domain and lectin-like binding PA14/GLEYA adhesive domain [@LinderFungalGenet.Biol.2008]",*RBR3* **Repressed By Rim101** [@LotzEukaryot.Cell2004] *C. albicans* *RBR3* [@BoisrameEukaryot.Cell2011] or *IFF1* **Individual protein File family F** [@RichardEukaryot.Cell2007],Cell wall,RBR3,0675
Up at both 24h and 48h,B9J08_001017,12-transmembrane domain major facilitator superfamily carbohydrate/proton symporter ,"*HGT13* **High-affinity Glucose Transporters** (HGT), within a family of 20 *HGT*s in *C. albicans* major facilitator superfamily (MFS) transporters  [@VarmaFEMSMicrobiol.Lett.2000;@LuoFEMSImmunol.Med.Microbiol.2007], that bear sequence similarity to human glucose transporter [@FanJ.Mol.Evol.2002], or *STL1* **Sugar Transporter Like** with evidence of enabling glycerol uptake[@FerreiraMol.Biol.Cell2005] invovled in alternative carbon source adaptation [@CottierG32017] and alkalinisation/hyphal response [@VylkovamBio2011]",Transmembrane transport,HGT13,1017
Up at both 24h and 48h,B9J08_001196,"SignalP, eight-cysteine hydrophobic ""Common in several Fungal Extracellular Membrane proteins"" (CFEM) domain unique to fungi [@KulkarniTrendsBiochem.Sci.2003], down-regulated in drug resistant *C. auris* [@ZhouFront.Microbiol.2021]","*CSA1*  ***Candida* Surface Antigen** localised to bud growth and hyphal elongation [@LamarreMol.Microbiol.2000], or *WAP1* **Wall Protein** similar to *RBT5* **Repressed by TUP-1** [@BraunGenetics2000] CFEM-containing proteins [@WeissmanMol.Microbiol.2004] expressed in iron starvation [@ChenCellHostMicrobe2011] and binding haem [@SorgoMicrobiology2013] including in *C. parapsilosis* [@DingPLOSONE2011]",Cell wall,CSA1,1196
Up at both 24h and 48h,B9J08_001241,"GPI-anchored, 11-transmembrane domain proton/amino acid transporter (solute carrier family 36, L-glutamine, L-tyrosine, L-isoleucine, tyrosine branched-chain, neutral and L-alpha), vacuole export and vacuole-mitochondrion membrane contact site",*AVT4* L-arginine transmembrane transporter **Amino acid Vacuolar Transport** [@RussnakJ.Biol.Chem.2001],Transmembrane transport,AVT4,1241
Up at both 24h and 48h,B9J08_001458,"*SCF1*, the newly described Surface Colonisation Factor and cationic adhesin [@SantanaScience2023]. GPI-anchored, SignalP5, Collagen triple helix repeat (20 copies), Flo11 domain containing, required for filamentation and invasion in *S. cerevisiae* [@GuoProc.Natl.Acad.Sci.2000]","*RBT1* **Repressed by TUP-1**, produced during hyphal growth [@BraunGenetics2000], part of 8-gene core filamentation network in *C. albicans* [@MartinPLOSONE2013]",Cell wall,SCF1,1458
Up at both 24h and 48h,B9J08_001525,"Haem/metal/iron binding, oxidoreductase activity, cytochrome P450, deoxyaspergillic acid monooxygenase involved in aflatoxin synthesis [@LebarFungalGenet.Biol.2018]",*ALK8* **Alkane** inducible cytochrome P450 in *C. albicans* which can confer fluconazole resistance [@LataPanwarYeast2001],Metabolism,ALK8,1525
Up at both 24h and 48h,B9J08_001985,"Cytosolic scopolin beta-glucosidase/glucan (bglX) catabolism/glycosyl hydrolase - possible role in cellulase, carbohydrate metabolism and cell wall recycling [@CutfieldJ.Mol.Biol.1999], Fibronectin type III-like domain",Broad uncharacterised matches across *Saccharomycotina*,Metabolism,HP,1985
Up at both 24h and 48h,B9J08_002040,"SignalP, ascospore wall assembly, receptor L domain possibly involved in ligand binding [@GarrettNature1998]",*SPS22* **SPorulation Specific 2 too (2)** in *S. cerevisiae* formation [@ColuccioEukaryot.Cell2004;@Percival-SmithMol.Cell.Biol.1986],Cell wall,SPS22,2040
Up at both 24h and 48h,B9J08_002242,"12-transmembrane domain, (L-)proline import/yeast amino acid transporter (YAT)/permease import across plasma membrane, golgi apparatus",*DIP53* **DIcarboxylic amino acid Permease** [@RegenbergCurr.Genet.1998] downregulated in *C. albicans* biofilm [@LiangActaPharmacolSin2010],Transmembrane transport,DIP53,2242
Up at both 24h and 48h,B9J08_002377,"SignalP, secretory (triglyceride) lipase (LIP), an expanded gene family in *C. auris* like in other *Candida* spp. [@MunozNat.Commun.2018]",*LIP2* Lipase [@HubeArch.Microbiol.2000] required for murine bloodstream infection in *C. albicans* and immunosuprressive via palmitic acid production and action on dendritic cells,Secreted hydrolase,LIP2,2377
Up at both 24h and 48h,B9J08_003568,"Aldo/keto oxidoreductase, glycerol 2-dehydrogenase (NADP+),oxidative stress role, arabinose/D-xylose catabolism, cytosol/nucleus, mRNA binding",*GCY1* **Galactose-inducible Crystallin-like Yeast protein** [@AngermayrJ.Biol.Chem.2003] expressed in yeast and not hyphal extracellular vesicles in *C. albicans* [@Martinez-LopezMicrobiol.Spectr.2022],Metabolism,GCY1,3568
Up at both 24h and 48h,B9J08_003734,"12-transmembrane domain, L-proline/yeast amino acid (YAT) transmembrane import/transporter, Golgi apparatus","*DIP5* **DIcarboxylic amino acid Permease** [@RegenbergCurr.Genet.1998], thought to be upregulated in nitrogen/phosphate starvation [@ZakikhanyJpn.J.Med.Mycol.2008] and alkaline stress [@VylkovamBio2011] and host tissue invasion/caecal colonisation [@RosenbachEukaryot.Cell2010] in *C. albicans*",Transmembrane transport,DIP5,3734
Up at both 24h and 48h,B9J08_003832,"12-transmembrane domain ATP-binding cassette (ABC) subfamily C (CFTR/MRP) member 1 (which has a role in multiple drug resistance in tumour cells [@ColeJ.Biol.Chem.2014]), xenobiotic transporter at cell membrane, ATP and nucleotide binding, Cadmium ion transmembrane transport, glutathione S-conjugate tranport (can play role in drug resistance [@ChoiJ.Biol.Chem.1998]), P-loop containing region of AAA domain (invovled in various processes [@SniderGenomeBiol.2008], RecF/RecN/SMC N terminal domain (involved in structural maintenance of chromosome - SMC - proteins [@HaeringMol.Cell2002;@PellegrinoStructure2012])","*YOR1* **Yeast Oligomycin Resistance** [@KatzmannMol.Cell.Biol.1995], role in cadmium detoxification in *S. cerevisiae* [@NagyBiochimie2006], with sequence similarity to human CFTR so used as a model [@LouieGenomeMed.2012] and mediating geldanamycin efflux in *C. albicans* [@HossainGenetics2021]",Transmembrane transport,YOR1,3832
Up at both 24h and 48h,B9J08_004105,-,No blastp matches outside *C. auris*,Uncharacterised,HP,4105
Up at both 24h and 48h,B9J08_004140,12-transmembrane domained Major Facilitator Superfamily [@QuistgaardNat.Rev.Mol.CellBiol.2016] Sugar (and other) transporter,Broad uncharacterised matches across *Saccharomycotina*,Transmembrane transport,HP,4140
Up at both 24h and 48h,B9J08_004451,"GPI-anchored, SignalP, Hyphally regulated cell wall protein N-terminal, up-regulated in filamentous clade I isolate on HSP90 inhibition [@KimmBio2019] ","*IFF4* (as above), implicated in *C. albicans* adhesion and virulence [@KempfMycopathologia2009]; over-expression implicated in neutrophil-mediated killing [@FuEukaryot.Cell2008]",Cell wall,IFF4,4451
Up at both 24h and 48h,B9J08_004492,Ubiquitin interaction motif and ubiquitin ligase complex F-box protein,*UFO1* **UV-F-box-HO** involved in ubiquitination of proteins targeted for proteosome degradation and other functions [@JonkersEukaryot.Cell2009] e.g. DNA damage response via Ho endonuclease degradation [@KaplunJ.Biol.Chem.2003],Metabolism,UFO1,4492
Up at both 24h and 48h,B9J08_004498,"GPI-anchored, SignalP, cell adhesion/agglutination, fungal type vacuole and cell-wall agglutinin N-terminal ligand-sugar binding. Proposed name in *C. auris* *ALS4498* [@PelletierPLOSPathog.2024].","*ALS3* **Agglutinin-Like Sequence** a classic filamentous *C. albicans* expressed invasin required for host tissue invasion [@PhanPLOSBiol.2007] and adhesin [@SinghPLOSPathog.2019], binding to cadherins to facilitate endocytosis, also binding ferritin [@LiuEukaryot.Cell2011] and contributing to biofilm formation and drug resistance [@LiuFEMSMicrobiol.Lett.2021]; target of cross-*Candida* vaccine [@SinghPLOSPathog.2019]",Cell wall,ALS3,4498
Up at both 24h and 48h,B9J08_004885,"SignalP, metal/iron ion/haem binding, oxidoreductase/monooxygenase activity, sporulation/ascospore wall assembly, cytochrome P450 NADPH dehydrogenase activity, endoplasmic reticulum","*DIT2* ""DITyrosine"" [@BrizaGenesDev.1990] NADPH dehydrogenase  [@MeloAntimicrob.AgentsChemother.2008] CYP56 involved in chlamydospore formation, echinocandin tolerance, and modulation of hyphal growth in *C. albicans* (and azole binding but not resistance) [@MeloAntimicrob.AgentsChemother.2008], synthesising dityrosine as a component of stress-resistant spore outer cell wall [@SudaPLOSONE2009]",Metabolism,DIT2,4885
Up at both 24h and 48h,B9J08_004888,"SignalP, secreted candidapepsin/pepdidase/hydrolase/aspartic-type endopeptidase, membrane/cell wall, xylanase inhibitor N-terminal, not considered in recent analysis of *C. auris* secreted aspartyl proteases [@KimFront.Cell.Infect.Microbiol.2023]","*SAP8* **Secreted Aspartyl Protease** in *C. albicans* [@MonodMicrobiology1998] involved in biofilm formation [@RamageMycopathologia2012], cell wall Msb2 glycoprotein processing and immune response with significant sequence variability [@Carvalho-PereiraBioMedRes.Int.2015]",Secreted hydrolase,SAP8,4888
Up at both 24h and 48h,B9J08_004946,"Regulation of cyclin-dependent protein serine/threonine kinase activity/holoenzyme complex, nitrogen/macromolecule metabolism, protein phosphorylation, nucleus/cytoplasm, spindle pole body, traversing start control point/G1/S transition of mitotic cell cycle/division and re-entry into mitotic cell cycle after pheromone arrest",*HGC1* **Hypha-specific G1 Cyclin**-dependent protein serine/threonine kinase  [@ZhengEMBOJ.2004] though not absolutely necessary [@SharmamBio2023],Cell cycle,HGC1,4946
Up at both 24h and 48h,B9J08_005491,"12-transmembrane domain amino/gamma-aminobutyric acid (GABA)/putrescine permease/transport/proton symport, vacuolar membrane. Putrescine analogues implicated in hyphal regulation in *C. albicans* [@UenoBiol.Pharm.Bull.2004]",*UGA6*  **Utilization of GABA** gamma-aminobutyric acid:proton symporter [@RamosEur.J.Biochem.1985] under GAT1 control in *C. albicans* [@LimjindapornMol.Microbiol.2003],Transmembrane transport,UGA6,5491
Up at both 24h and 48h,B9J08_005556,-,"**ZCF34** , a Zn2-Cys6 **Zinc Cluster transcription Factor** invovled in *C. albicans* colonisation [@VandeputtePLOSONE2011], also called *MRR2* **Multidrug Resistance Regulator**, conferring fluconazole resistance through control of the multidrug efflux pump *CDR1* [@SchilligMol.Microbiol.2013]",Transcription/translation,ZCF34,5556
Up at both 24h and 48h,B9J08_005565,"Saccharolysin, (metallo)-peptidase (PRD1/M3 family)/hydrolase, meta/zinc ion binding, mitochondrion/golgi/vacuole/cytoplasm",*PRD1* **PRoteinase yscD** in *S. cerevisiae* [@Garcia-AlvarezEur.J.Biochem.1987],Metabolism,PRD1,5565
Up at both 24h and 48h,B9J08_005579,Minimal binding motif of Hap4 for binding to Hap2/3/5,"*HAP41* Haem Activator Protein [@PfeiferCell1989], putative Hap4-like transcription factor but unaffected by iron starvation [@SinghJ.Biol.Chem.2011] and without a DNA binding domain in *C. albicans* [@PerezPLOSBiol.2013]",Uncharacterised,HAP41,5579